term1,term2,relation
are,service,synonym
hotel,hotel,synonym
cordialidade,almoço,synonym
cordialidade,conforto,synonym
preço,preço,synonym
época,berço,synonym
lugar,país,synonym
suíte,pensão,synonym
suíte,apartamento,synonym
suíte,lavatório,synonym
suíte,suíte,synonym
suíte,sauna,synonym
decoração,lavatório,synonym
decoração,roupão,synonym
decoração,suíte,synonym
decoração,sauna,synonym
decoração,luxo,synonym
funcionalidade,acomodação,synonym
funcionalidade,service,synonym
funcionalidade,conforto,synonym
casar,família,synonym
prazer,almoço,synonym
prazer,conforto,synonym
prazer,luxo,synonym
quarto,quarto,synonym
impressionar,luxo,synonym
sorriso,lavatório,synonym
restaurante,restaurante,synonym
chefe,gerência,synonym
chefe,porteiro,synonym
estrelo,berço,synonym
aniversário,almoço,synonym
cidade,cidade,synonym
comemoração,monumento,synonym
comemoração,almoço,synonym
monumento,monumento,synonym
limpar,colchão,synonym
equipamento,lavatório,synonym
equipamento,conforto,synonym
patio,apartamento,synonym
patio,motel,synonym
patio,rua,synonym
patio,monumento,synonym
patio,porteiro,synonym
patio,lavatório,synonym
patio,estacionamento,synonym
patio,luxo,synonym
mínimo,duplo,synonym
recepção,recepção,synonym
bagunça,sauna,synonym
rue,rua,synonym
parque,parque,synonym
tinto,lavatório,synonym
sortir,service,synonym
banheiro,chuveiro,synonym
banheiro,banheiro,synonym
iluminação,espelho,synonym
confortar,conforto,synonym
facilidade,facilidade,synonym
ambientar,sauna,synonym
ambientar,conforto,synonym
filho,família,synonym
jardim,jardim,synonym
pequeno,almoço,synonym
decepção,acomodação,synonym
maravilhoso,berço,synonym
quarteirão,igreja,synonym
quarteirão,parque,synonym
apartamento,pensão,synonym
apartamento,apartamento,synonym
apartamento,motel,synonym
apartamento,rua,synonym
apartamento,porteiro,synonym
apartamento,almoço,synonym
apartamento,casal,synonym
apartamento,lavatório,synonym
apartamento,suíte,synonym
apartamento,luxo,synonym
elevador,elevador,synonym
mercar,restaurante,synonym
turístico,monumento,synonym
turístico,alojamento,synonym
turístico,estacionamento,synonym
morador,motel,synonym
morador,rua,synonym
morador,motorista,synonym
morador,porteiro,synonym
aperitivo,almoço,synonym
aperitivo,sauna,synonym
movimentação,acomodação,synonym
profissionalismo,conforto,synonym
diretor,gerência,synonym
diretor,porteiro,synonym
família,família,synonym
charme,conforto,synonym
charme,luxo,synonym
nacionalidade,pensão,synonym
luxar,porteiro,synonym
luxar,almoço,synonym
luxar,berço,synonym
luxar,conforto,synonym
amor,conforto,synonym
varanda,apartamento,synonym
varanda,motel,synonym
varanda,rua,synonym
varanda,praia,synonym
varanda,porteiro,synonym
varanda,almoço,synonym
varanda,casal,synonym
varanda,espelho,synonym
varanda,cortina,synonym
varanda,lavatório,synonym
varanda,torneira,synonym
varanda,roupão,synonym
varanda,lavanderia,synonym
varanda,berço,synonym
varanda,suíte,synonym
varanda,sauna,synonym
solícito,porteiro,synonym
deliciar,almoço,synonym
deliciar,sauna,synonym
deliciar,conforto,synonym
deliciar,luxo,synonym
meter,lavatório,synonym
meter,torneira,synonym
boemia,sauna,synonym
instalação,acomodação,synonym
instalação,alojamento,synonym
shopping,monumento,synonym
elogio,monumento,synonym
elogio,almoço,synonym
domingo,arena,synonym
domingo,almoço,synonym
sapato,apartamento,synonym
sapato,porteiro,synonym
sapato,cortina,synonym
sapato,lavatório,synonym
sapato,torneira,synonym
sapato,luxo,synonym
refeição,refeição,synonym
sabor,conforto,synonym
dente,roupão,synonym
net,service,synonym
apertar,torneira,synonym
apertar,roupão,synonym
prestatividade,acomodação,synonym
prestatividade,gerência,synonym
prestatividade,porteiro,synonym
prestatividade,almoço,synonym
prestatividade,conforto,synonym
boutique,motel,synonym
boutique,sauna,synonym
boutique,luxo,synonym
nível,padrão,synonym
comunicação,gerência,synonym
museu,museu,synonym
construção,monumento,synonym
construção,estacionamento,synonym
bango,rua,synonym
bango,porteiro,synonym
cama,cama,synonym
cama,chuveiro,synonym
lençol,travesseiro,synonym
fechamento,acomodação,synonym
toalha,toalha,synonym
cafeterias,motel,synonym
cafeterias,estacionamento,synonym
cafeterias,sauna,synonym
cafeterias,luxo,synonym
acolhimento,acomodação,synonym
acolhimento,pensão,synonym
acolhimento,alojamento,synonym
acolhimento,estacionamento,synonym
acolhimento,conforto,synonym
padrão,padrão,synonym
regrar,gerência,synonym
regrar,conforto,synonym
motorista,motel,synonym
motorista,motorista,synonym
motorista,porteiro,synonym
motorista,estacionamento,synonym
clássico,arena,synonym
higiene,acomodação,synonym
higiene,gerência,synonym
higiene,alojamento,synonym
higiene,lavatório,synonym
higiene,conforto,synonym
classe,luxo,synonym
av,rua,synonym
av,estacionamento,synonym
convite,almoço,synonym
extra,duplo,synonym
sobremesa,almoço,synonym
sobremesa,lavatório,synonym
sobremesa,torneira,synonym
sobremesa,roupão,synonym
sobremesa,suíte,synonym
sobremesa,sauna,synonym
gentilíssimo,monumento,synonym
gentilíssimo,porteiro,synonym
gentilíssimo,almoço,synonym
gentilíssimo,lavatório,synonym
gentilíssimo,berço,synonym
gentilíssimo,conforto,synonym
moderno,berço,synonym
moderno,conforto,synonym
horário,horário,synonym
alojamento,acomodação,synonym
alojamento,pensão,synonym
alojamento,alojamento,synonym
alojamento,sauna,synonym
alojamento,conforto,synonym
mola,cortina,synonym
mola,torneira,synonym
fruir,conforto,synonym
fruir,luxo,synonym
rei,porteiro,synonym
bêbado,motel,synonym
bêbado,motorista,synonym
bêbado,porteiro,synonym
bêbado,sauna,synonym
0h,rua,synonym
0h,almoço,synonym
spa,sauna,synonym
tratamento,alojamento,synonym
mundo,país,synonym
omelete,almoço,synonym
cassino,cassino,synonym
drinques,almoço,synonym
drinques,roupão,synonym
drinques,lavanderia,synonym
drinques,sauna,synonym
lavabo,apartamento,synonym
lavabo,motel,synonym
lavabo,porteiro,synonym
lavabo,almoço,synonym
lavabo,espelho,synonym
lavabo,cortina,synonym
lavabo,lavatório,synonym
lavabo,torneira,synonym
lavabo,roupão,synonym
lavabo,lavanderia,synonym
lavabo,berço,synonym
lavabo,suíte,synonym
lavabo,sauna,synonym
lavabo,conforto,synonym
rail,service,synonym
rail,estacionamento,synonym
percurso,estacionamento,synonym
monte,rua,synonym
monte,monumento,synonym
lazer,acomodação,synonym
lazer,alojamento,synonym
lazer,estacionamento,synonym
lazer,sauna,synonym
lazer,conforto,synonym
lazer,luxo,synonym
cheio,lavatório,synonym
valete,roupão,synonym
tranquilidade,acomodação,synonym
tranquilidade,conforto,synonym
estacionamento,motel,synonym
estacionamento,rua,synonym
estacionamento,motorista,synonym
estacionamento,arena,synonym
estacionamento,estacionamento,synonym
estacionamento,sauna,synonym
estacionamento,conforto,synonym
manobrista,apartamento,synonym
manobrista,motel,synonym
manobrista,motorista,synonym
manobrista,porteiro,synonym
manobrista,lavatório,synonym
manobrista,estacionamento,synonym
manobrista,conforto,synonym
senha,porteiro,synonym
impressor,porteiro,synonym
travesseiro,travesseiro,synonym
travesseiro,colchão,synonym
sensor,espelho,synonym
sensor,duplo,synonym
grátis,alojamento,synonym
grátis,service,synonym
país,país,synonym
segurança,gerência,synonym
gradar,rua,synonym
gradar,almoço,synonym
gradar,lavatório,synonym
gradar,torneira,synonym
gradar,berço,synonym
mexer,torneira,synonym
campar,porteiro,synonym
campar,almoço,synonym
campar,lavatório,synonym
campar,torneira,synonym
campar,luxo,synonym
requintar,espelho,synonym
requintar,conforto,synonym
requintar,luxo,synonym
massagem,acomodação,synonym
massagem,lavatório,synonym
massagem,roupão,synonym
massagem,sauna,synonym
massagem,conforto,synonym
locação,acomodação,synonym
locação,pensão,synonym
locação,gerência,synonym
locação,alojamento,synonym
locação,estacionamento,synonym
locação,luxo,synonym
seguro,alojamento,synonym
diversão,acomodação,synonym
diversão,cassino,synonym
diversão,sauna,synonym
diversão,conforto,synonym
diversão,luxo,synonym
prestigiar,arena,synonym
suítes,acomodação,synonym
suítes,apartamento,synonym
suítes,alojamento,synonym
suítes,lavatório,synonym
suítes,estacionamento,synonym
suítes,sauna,synonym
suítes,conforto,synonym
suítes,luxo,synonym
casino,cassino,synonym
circo,rua,synonym
circo,arena,synonym
circo,berço,synonym
apresentação,gerência,synonym
apresentação,almoço,synonym
idade,pensão,synonym
hall,motel,synonym
hall,arena,synonym
bufete,jantar,synonym
espetáculo,arena,synonym
lago,monumento,synonym
lago,lavatório,synonym
lago,estacionamento,synonym
chique,apartamento,synonym
chique,motel,synonym
chique,porteiro,synonym
chique,sauna,synonym
chique,conforto,synonym
chique,luxo,synonym
corredor,corredor,synonym
costa,praia,synonym
acomodação,acomodação,synonym
acomodação,alojamento,synonym
acomodação,sauna,synonym
acomodação,conforto,synonym
confortável,acomodação,synonym
confortável,conforto,synonym
confortável,luxo,synonym
salão,praia,synonym
salão,lavatório,synonym
salão,roupão,synonym
beleza,conforto,synonym
beleza,luxo,synonym
atração,arena,synonym
natal,almoço,synonym
natal,berço,synonym
mármore,colchão,synonym
mármore,espelho,synonym
mármore,roupão,synonym
arrependimento,conforto,synonym
preferir,luxo,synonym
novo,duplo,synonym
espetáculos,arena,synonym
classificação,gerência,synonym
classificação,padrão,synonym
condição,pensão,synonym
duplo,duplo,synonym
código,service,synonym
agência,gerência,synonym
agência,service,synonym
negócio,país,synonym
negócio,gerência,synonym
negócio,almoço,synonym
negócio,luxo,synonym
folego,lavatório,synonym
folego,torneira,synonym
folego,conforto,synonym
folego,luxo,synonym
vip,acomodação,synonym
vip,motel,synonym
vip,arena,synonym
vip,estacionamento,synonym
vip,sauna,synonym
vip,conforto,synonym
vip,luxo,synonym
grandiosidade,monumento,synonym
grandiosidade,conforto,synonym
perfeição,conforto,synonym
arrumadeira,pensão,synonym
arrumadeira,apartamento,synonym
arrumadeira,motel,synonym
arrumadeira,motorista,synonym
arrumadeira,porteiro,synonym
arrumadeira,almoço,synonym
arrumadeira,casal,synonym
arrumadeira,espelho,synonym
arrumadeira,lavatório,synonym
arrumadeira,roupão,synonym
arrumadeira,suíte,synonym
arrumadeira,sauna,synonym
garçons,motel,synonym
garçons,porteiro,synonym
garçons,almoço,synonym
garçons,lavanderia,synonym
garçons,luxo,synonym
mercadinhos,rua,synonym
mercadinhos,estacionamento,synonym
mercadinhos,sauna,synonym
mercadinhos,luxo,synonym
aquecido,lavatório,synonym
aquecido,torneira,synonym
aquecido,sauna,synonym
otimismo,acomodação,synonym
otimismo,conforto,synonym
solei,motel,synonym
solei,service,synonym
solei,sauna,synonym
comprinhas,almoço,synonym
comprinhas,lavatório,synonym
comprinhas,lavanderia,synonym
comprinhas,sauna,synonym
comprinhas,luxo,synonym
sombra,cortina,synonym
mobiliário,alojamento,synonym
mobiliário,lavatório,synonym
mobiliário,estacionamento,synonym
mobiliário,conforto,synonym
mobiliário,luxo,synonym
odor,roupão,synonym
local,país,synonym
cardápio,almoço,synonym
cardápio,alojamento,synonym
cardápio,sauna,synonym
encore,service,synonym
hoteleiro,motel,synonym
hoteleiro,porteiro,synonym
hoteleiro,alojamento,synonym
hoteleiro,estacionamento,synonym
hoteleiro,luxo,synonym
complexo,monumento,synonym
complexo,estacionamento,synonym
complexo,cassino,synonym
light,service,synonym
desconto,pensão,synonym
desconto,conforto,synonym
reversor,motorista,synonym
reversor,lavatório,synonym
reversor,torneira,synonym
reversor,estacionamento,synonym
divino,berço,synonym
online,service,synonym
assentir,pensão,synonym
assentir,torneira,synonym
título,pensão,synonym
hotelaria,gerência,synonym
hotelaria,almoço,synonym
hotelaria,alojamento,synonym
hotelaria,estacionamento,synonym
hotelaria,sauna,synonym
hotelaria,luxo,synonym
isolamento,acomodação,synonym
isolamento,alojamento,synonym
isolamento,conforto,synonym
capacidade,acomodação,synonym
rotina,gerência,synonym
fortuna,pensão,synonym
fortuna,família,synonym
fortuna,luxo,synonym
substrutura,acomodação,synonym
substrutura,espelho,synonym
substrutura,cortina,synonym
substrutura,lavatório,synonym
substrutura,berço,synonym
casal,apartamento,synonym
casal,casal,synonym
festa,rua,synonym
festa,monumento,synonym
festa,almoço,synonym
pool,service,synonym
tapete,almoço,synonym
tapete,espelho,synonym
tapete,cortina,synonym
tapete,lavatório,synonym
tapete,torneira,synonym
tapete,roupão,synonym
tapete,berço,synonym
aparelho,espelho,synonym
aparelho,lavatório,synonym
prático,duplo,synonym
prático,conforto,synonym
gastronomia,almoço,synonym
aluguel,acomodação,synonym
aluguel,pensão,synonym
aluguel,motel,synonym
aluguel,porteiro,synonym
aluguel,alojamento,synonym
aluguel,estacionamento,synonym
aluguel,luxo,synonym
veículo,motorista,synonym
veículo,estacionamento,synonym
veículo,conforto,synonym
comodidade,acomodação,synonym
comodidade,alojamento,synonym
comodidade,conforto,synonym
comodidade,luxo,synonym
fugir,motel,synonym
fugir,motorista,synonym
fugir,porteiro,synonym
flexibilidade,acomodação,synonym
flexibilidade,conforto,synonym
multidão,rua,synonym
multidão,arena,synonym
multidão,almoço,synonym
multidão,cortina,synonym
organização,gerência,synonym
luxuoso,apartamento,synonym
luxuoso,motel,synonym
luxuoso,almoço,synonym
luxuoso,casal,synonym
luxuoso,alojamento,synonym
luxuoso,lavatório,synonym
luxuoso,roupão,synonym
luxuoso,suíte,synonym
luxuoso,sauna,synonym
luxuoso,conforto,synonym
luxuoso,luxo,synonym
encantador,luxo,synonym
promoção,gerência,synonym
cardar,cortina,synonym
cardar,lavatório,synonym
cardar,torneira,synonym
calmo,almoço,synonym
acessório,espelho,synonym
acessório,roupão,synonym
acessório,secador,synonym
bolsar,porteiro,synonym
bolsar,almoço,synonym
bolsar,torneira,synonym
defeito,espelho,synonym
palácio,rua,synonym
palácio,monumento,synonym
palácio,almoço,synonym
palácio,lavatório,synonym
puro,berço,synonym
puro,duplo,synonym
banheira,banheira,synonym
felicidade,conforto,synonym
relógio,motorista,synonym
relógio,porteiro,synonym
relógio,espelho,synonym
relógio,lavatório,synonym
relógio,torneira,synonym
relógio,roupão,synonym
investigação,gerência,synonym
lembrança,monumento,synonym
lembrança,lavatório,synonym
lembrança,berço,synonym
piano,lavatório,synonym
piano,suíte,synonym
insatisfação,acomodação,synonym
rapidez,conforto,synonym
agradável,almoço,synonym
agradável,sauna,synonym
agradável,conforto,synonym
agradável,luxo,synonym
sol,roupão,synonym
hábito,lavatório,synonym
hábito,roupão,synonym
auxílio,pensão,synonym
saguão,apartamento,synonym
saguão,motel,synonym
saguão,rua,synonym
saguão,arena,synonym
saguão,porteiro,synonym
saguão,almoço,synonym
saguão,lavatório,synonym
saguão,roupão,synonym
parabém,lavatório,synonym
parabém,berço,synonym
parabém,conforto,synonym
apart,service,synonym
eletricidade,torneira,synonym
colchão,travesseiro,synonym
colchão,colchão,synonym
colchão,espelho,synonym
colchão,roupão,synonym
infraestrutura,acomodação,synonym
infraestrutura,alojamento,synonym
infraestrutura,estacionamento,synonym
infraestrutura,conforto,synonym
sofá,banheira,synonym
torradeira,secador,synonym
manifestação,monumento,synonym
responsabilidade,gerência,synonym
poltrona,motel,synonym
poltrona,almoço,synonym
poltrona,espelho,synonym
poltrona,cortina,synonym
poltrona,lavatório,synonym
poltrona,roupão,synonym
poltrona,lavanderia,synonym
poltrona,suíte,synonym
poltrona,sauna,synonym
poltrona,conforto,synonym
córner,roupão,synonym
frequentador,porteiro,synonym
evento,monumento,synonym
evento,arena,synonym
evento,almoço,synonym
balcão,pensão,synonym
balcão,apartamento,synonym
balcão,motel,synonym
balcão,motorista,synonym
balcão,porteiro,synonym
balcão,almoço,synonym
balcão,espelho,synonym
balcão,cortina,synonym
balcão,lavatório,synonym
balcão,torneira,synonym
balcão,roupão,synonym
copo,espelho,synonym
copo,roupão,synonym
copo,secador,synonym
espelho,praia,synonym
espelho,colchão,synonym
espelho,espelho,synonym
espelho,cortina,synonym
espelho,lavatório,synonym
espelho,torneira,synonym
espelho,roupão,synonym
espelho,secador,synonym
estacionar,rua,synonym
estacionar,motorista,synonym
estacionar,estacionamento,synonym
estacionar,conforto,synonym
privativo,acomodação,synonym
privativo,porteiro,synonym
privativo,alojamento,synonym
privativo,lavatório,synonym
privativo,estacionamento,synonym
privativo,sauna,synonym
térreo,acomodação,synonym
térreo,apartamento,synonym
térreo,motel,synonym
térreo,rua,synonym
térreo,porteiro,synonym
térreo,espelho,synonym
térreo,lavatório,synonym
térreo,lavanderia,synonym
térreo,suíte,synonym
térreo,sauna,synonym
macio,colchão,synonym
macio,lavatório,synonym
macio,roupão,synonym
calorão,almoço,synonym
calorão,torneira,synonym
calorão,roupão,synonym
calorão,sauna,synonym
calorão,conforto,synonym
00h,arena,synonym
00h,almoço,synonym
garagem,apartamento,synonym
garagem,motel,synonym
garagem,rua,synonym
garagem,motorista,synonym
garagem,arena,synonym
garagem,gerência,synonym
garagem,porteiro,synonym
garagem,lavatório,synonym
garagem,torneira,synonym
garagem,estacionamento,synonym
garagem,sauna,synonym
lanchar,motel,synonym
lanchar,rua,synonym
lanchar,almoço,synonym
lanchar,lavatório,synonym
lanchar,torneira,synonym
lanchar,sauna,synonym
modernidade,acomodação,synonym
modernidade,berço,synonym
modernidade,conforto,synonym
modernidade,luxo,synonym
agilidade,conforto,synonym
monitor,motorista,synonym
monitor,espelho,synonym
completíssimo,espelho,synonym
completíssimo,lavatório,synonym
completíssimo,duplo,synonym
completíssimo,conforto,synonym
completíssimo,luxo,synonym
espaçoso,acomodação,synonym
espaçoso,apartamento,synonym
espaçoso,alojamento,synonym
espaçoso,espelho,synonym
espaçoso,lavatório,synonym
espaçoso,roupão,synonym
espaçoso,sauna,synonym
espaçoso,conforto,synonym
espaçoso,luxo,synonym
mimar,luxo,synonym
trecho,monumento,synonym
sanduíche,motel,synonym
sanduíche,almoço,synonym
sanduíche,lavatório,synonym
sanduíche,sauna,synonym
circulação,estacionamento,synonym
buá,berço,synonym
sensação,conforto,synonym
insegurança,acomodação,synonym
insegurança,conforto,synonym
clima,conforto,synonym
residência,pensão,synonym
residência,apartamento,synonym
residência,alojamento,synonym
residência,estacionamento,synonym
cortar,torneira,synonym
vigilância,gerência,synonym
quinto,duplo,synonym
lavanderia,roupão,synonym
lavanderia,lavanderia,synonym
lavanderia,sauna,synonym
sábado,arena,synonym
sábado,almoço,synonym
viajante,motorista,synonym
viajante,porteiro,synonym
barato,conforto,synonym
barato,luxo,synonym
botão,lavatório,synonym
botão,roupão,synonym
explicação,acomodação,synonym
transferência,gerência,synonym
menino,apartamento,synonym
menino,motel,synonym
menino,motorista,synonym
menino,porteiro,synonym
menino,lavatório,synonym
menino,roupão,synonym
menino,berço,synonym
mudança,acomodação,synonym
arrumação,gerência,synonym
arrumação,alojamento,synonym
arrumação,lavatório,synonym
arrumação,torneira,synonym
arrumação,conforto,synonym
aceso,lavatório,synonym
pouco,almoço,synonym
alimentação,alojamento,synonym
trenzinho,motel,synonym
trenzinho,rua,synonym
trenzinho,lavatório,synonym
trenzinho,estacionamento,synonym
trenzinho,sauna,synonym
prostituto,apartamento,synonym
prostituto,motel,synonym
prostituto,motorista,synonym
prostituto,porteiro,synonym
prostituto,sauna,synonym
jovem,motorista,synonym
standard,service,synonym
amigar,apartamento,synonym
amigar,motel,synonym
amigar,porteiro,synonym
amigar,almoço,synonym
amigar,cortina,synonym
amigar,torneira,synonym
amigar,sauna,synonym
orientação,gerência,synonym
vaso,travesseiro,synonym
noivar,apartamento,synonym
noivar,motel,synonym
redondeza,rua,synonym
comida,acomodação,synonym
comida,almoço,synonym
comida,alojamento,synonym
comida,lavatório,synonym
comida,torneira,synonym
comida,sauna,synonym
comida,conforto,synonym
comida,luxo,synonym
sky,service,synonym
rede,gerência,synonym
gosto,conforto,synonym
gosto,luxo,synonym
quedo,lavatório,synonym
lanchonetes,acomodação,synonym
lanchonetes,motel,synonym
lanchonetes,porteiro,synonym
lanchonetes,alojamento,synonym
lanchonetes,estacionamento,synonym
lanchonetes,lavanderia,synonym
lanchonetes,sauna,synonym
lanchonetes,conforto,synonym
fachada,apartamento,synonym
fachada,rua,synonym
fachada,monumento,synonym
fachada,cortina,synonym
fachada,lavatório,synonym
fachada,estacionamento,synonym
folgar,almoço,synonym
suntuosidade,acomodação,synonym
suntuosidade,monumento,synonym
suntuosidade,lavatório,synonym
suntuosidade,conforto,synonym
suntuosidade,luxo,synonym
tablete,apartamento,synonym
tablete,lavatório,synonym
cabeceira,rua,synonym
cabeceira,praia,synonym
cabeceira,almoço,synonym
cabeceira,espelho,synonym
cabeceira,cortina,synonym
cabeceira,lavatório,synonym
painel,espelho,synonym
painel,cortina,synonym
painel,lavatório,synonym
bufar,porteiro,synonym
bufar,cortina,synonym
bufar,lavatório,synonym
bufar,torneira,synonym
farmácia,restaurante,synonym
colcha,espelho,synonym
colcha,cortina,synonym
colcha,lavatório,synonym
colcha,roupão,synonym
colcha,berço,synonym
colcha,suíte,synonym
tela,espelho,synonym
tucho,motorista,synonym
satisfação,conforto,synonym
cheiroso,almoço,synonym
cheiroso,lavatório,synonym
cheiroso,roupão,synonym
direto,arena,synonym
recomento,torneira,synonym
irmão,apartamento,synonym
irmão,família,synonym
maciar,almoço,synonym
maciar,casal,synonym
orá,porteiro,synonym
orá,almoço,synonym
orá,service,synonym
orá,torneira,synonym
caixa,pensão,synonym
caixa,lavatório,synonym
caixa,torneira,synonym
aborrecimento,lavatório,synonym
aborrecimento,conforto,synonym
drinque,apartamento,synonym
drinque,motel,synonym
drinque,almoço,synonym
drinque,lavatório,synonym
drinque,roupão,synonym
drinque,suíte,synonym
drinque,sauna,synonym
praxar,lavatório,synonym
praxar,torneira,synonym
praxar,conforto,synonym
passarela,rua,synonym
passarela,monumento,synonym
passarela,arena,synonym
passarela,cortina,synonym
passarela,estacionamento,synonym
enjoar,almoço,synonym
enjoar,torneira,synonym
programação,gerência,synonym
jacuzzi,praia,synonym
jacuzzi,espelho,synonym
jacuzzi,roupão,synonym
jacuzzi,secador,synonym
jacuzzi,lavanderia,synonym
jacuzzi,suíte,synonym
conveniência,acomodação,synonym
conveniência,conforto,synonym
conveniência,luxo,synonym
trajeto,motorista,synonym
trajeto,almoço,synonym
trajeto,estacionamento,synonym
sul,país,synonym
espelhar,espelho,synonym
contratempo,almoço,synonym
florir,berço,synonym
exclusividade,luxo,synonym
agenciar,gerência,synonym
turismo,turista,synonym
palace,motel,synonym
palace,arena,synonym
palace,service,synonym
palace,sauna,synonym
estúdio,apartamento,synonym
estúdio,motel,synonym
estúdio,suíte,synonym
filhar,casal,synonym
taça,arena,synonym
satisfazer,alojamento,synonym
satisfazer,conforto,synonym
prezar,conforto,synonym
envelope,apartamento,synonym
navio,motorista,synonym
jeito,apartamento,synonym
empresar,pensão,synonym
empresar,motorista,synonym
empresar,gerência,synonym
fórum,monumento,synonym
fórum,almoço,synonym
gôndola,apartamento,synonym
gôndola,rua,synonym
gôndola,cortina,synonym
gôndola,lavatório,synonym
gôndola,torneira,synonym
gôndola,roupão,synonym
gôndola,sauna,synonym
gôndola,luxo,synonym
então,rua,synonym
fantasma,motel,synonym
fantasma,porteiro,synonym
fantasma,cortina,synonym
desorganização,acomodação,synonym
desorganização,gerência,synonym
pintura,espelho,synonym
pintura,cortina,synonym
pintura,lavatório,synonym
teto,colchão,synonym
teto,espelho,synonym
teto,cortina,synonym
teto,lavatório,synonym
pintar,lavatório,synonym
berço,lavatório,synonym
berço,berço,synonym
norte,país,synonym
terre,service,synonym
condução,estacionamento,synonym
condução,conforto,synonym
emoção,conforto,synonym
m&m,lavatório,synonym
chuva,cortina,synonym
ventar,lavatório,synonym
ventar,torneira,synonym
ventar,roupão,synonym
visão,acomodação,synonym
estátua,rua,synonym
estátua,monumento,synonym
estátua,cortina,synonym
estátua,lavatório,synonym
estátua,berço,synonym
arena,arena,synonym
arena,estacionamento,synonym
eficiência,conforto,synonym
acessá,service,synonym
exagero,luxo,synonym
simplicidade,conforto,synonym
torre,rua,synonym
torre,monumento,synonym
torre,cortina,synonym
edifício,rua,synonym
edifício,monumento,synonym
edifício,porteiro,synonym
edifício,lavatório,synonym
xampu,lavatório,synonym
xampu,torneira,synonym
xampu,roupão,synonym
condicionador,colchão,synonym
condicionador,espelho,synonym
condicionador,lavatório,synonym
condicionador,torneira,synonym
condicionador,roupão,synonym
self,service,synonym
service,service,synonym
geral,gerência,synonym
elogiar,almoço,synonym
avião,apartamento,synonym
avião,motel,synonym
avião,motorista,synonym
aparência,conforto,synonym
custo,alojamento,synonym
custo,conforto,synonym
monotrilho,monumento,synonym
monotrilho,estacionamento,synonym
conselho,gerência,synonym
premir,motorista,synonym
premir,lavatório,synonym
premir,torneira,synonym
carpete,apartamento,synonym
carpete,espelho,synonym
carpete,cortina,synonym
carpete,lavatório,synonym
carpete,torneira,synonym
carpete,roupão,synonym
praia,praia,synonym
praia,espelho,synonym
mile,service,synonym
hidro,lavatório,synonym
hidro,torneira,synonym
hidro,lavanderia,synonym
hidro,sauna,synonym
cupons,luxo,synonym
alternativo,duplo,synonym
silencioso,porteiro,synonym
silencioso,lavatório,synonym
silencioso,conforto,synonym
silêncio,lavatório,synonym
profissional,pensão,synonym
profissional,alojamento,synonym
renovação,acomodação,synonym
malhar,almoço,synonym
malhar,roupão,synonym
asi,service,synonym
filme,espelho,synonym
layout,acomodação,synonym
layout,estacionamento,synonym
layout,conforto,synonym
sponsor,service,synonym
labirinto,lavatório,synonym
dedo,lavatório,synonym
dedo,torneira,synonym
dedo,roupão,synonym
magnificar,berço,synonym
magnificar,conforto,synonym
beemote,berço,synonym
mordomia,pensão,synonym
mordomia,porteiro,synonym
mordomia,luxo,synonym
moda,luxo,synonym
sorvete,motel,synonym
sorvete,almoço,synonym
sorvete,lavatório,synonym
sorvete,torneira,synonym
sorvete,roupão,synonym
sorvete,lavanderia,synonym
sorvete,sauna,synonym
roupão,colchão,synonym
roupão,espelho,synonym
roupão,cortina,synonym
roupão,lavatório,synonym
roupão,torneira,synonym
roupão,roupão,synonym
roupão,lavanderia,synonym
roupão,sauna,synonym
roupão,luxo,synonym
dançar,motel,synonym
dançar,roupão,synonym
dançar,sauna,synonym
subsolo,monumento,synonym
subsolo,lavatório,synonym
subsolo,torneira,synonym
subsolo,lavanderia,synonym
hidromassagem,acomodação,synonym
hidromassagem,apartamento,synonym
hidromassagem,motel,synonym
hidromassagem,praia,synonym
hidromassagem,alojamento,synonym
hidromassagem,lavatório,synonym
hidromassagem,torneira,synonym
hidromassagem,roupão,synonym
hidromassagem,suíte,synonym
hidromassagem,sauna,synonym
hidromassagem,conforto,synonym
hidromassagem,luxo,synonym
calmar,motel,synonym
solteiro,apartamento,synonym
solteiro,motel,synonym
solteiro,porteiro,synonym
solteiro,casal,synonym
solteiro,sauna,synonym
homenagem,monumento,synonym
uno,motorista,synonym
agradecimento,almoço,synonym
acolhedor,acomodação,synonym
acolhedor,alojamento,synonym
acolhedor,lavatório,synonym
acolhedor,berço,synonym
acolhedor,conforto,synonym
cerejo,gerência,synonym
cerejo,porteiro,synonym
igreja,igreja,synonym
galeria,parque,synonym
opar,motel,synonym
refrigerante,lavatório,synonym
refrigerante,torneira,synonym
refrigerante,lavanderia,synonym
petisco,almoço,synonym
petisco,conforto,synonym
delícia,almoço,synonym
delícia,lavatório,synonym
delícia,sauna,synonym
imediação,rua,synonym
livraria,apartamento,synonym
livraria,rua,synonym
livraria,almoço,synonym
áspero,lavatório,synonym
áspero,roupão,synonym
companhia,gerência,synonym
toucador,porteiro,synonym
toucador,almoço,synonym
toucador,lavatório,synonym
toucador,torneira,synonym
toucador,roupão,synonym
toucador,conforto,synonym
toucador,luxo,synonym
rotar,pensão,synonym
rotar,monumento,synonym
terraço,apartamento,synonym
terraço,motel,synonym
terraço,rua,synonym
terraço,monumento,synonym
terraço,porteiro,synonym
terraço,almoço,synonym
terraço,cortina,synonym
terraço,lavatório,synonym
terraço,estacionamento,synonym
terraço,berço,synonym
terraço,sauna,synonym
terraço,conforto,synonym
benjamim,rua,synonym
preferência,acomodação,synonym
sessão,almoço,synonym
degrau,cortina,synonym
degrau,lavatório,synonym
mãe,apartamento,synonym
mãe,motorista,synonym
mãe,família,synonym
mãe,berço,synonym
almoço,apartamento,synonym
almoço,motel,synonym
almoço,almoço,synonym
almoço,lavatório,synonym
almoço,sauna,synonym
bastilha,monumento,synonym
administração,gerência,synonym
tampão,cortina,synonym
tampão,torneira,synonym
sujeira,lavatório,synonym
sujeira,torneira,synonym
sabonete,almoço,synonym
sabonete,colchão,synonym
sabonete,lavatório,synonym
sabonete,torneira,synonym
sabonete,roupão,synonym
sabonete,luxo,synonym
banho,apartamento,synonym
banho,motel,synonym
banho,almoço,synonym
banho,casal,synonym
banho,alojamento,synonym
banho,lavatório,synonym
banho,torneira,synonym
banho,roupão,synonym
banho,sauna,synonym
banho,conforto,synonym
banho,luxo,synonym
transporte,acomodação,synonym
transporte,alojamento,synonym
transporte,estacionamento,synonym
suspeito,motel,synonym
suspeito,motorista,synonym
suspeito,porteiro,synonym
separação,acomodação,synonym
fresco,almoço,synonym
fresco,lavatório,synonym
fresco,torneira,synonym
fresco,roupão,synonym
fresco,conforto,synonym
fresco,luxo,synonym
gerência,gerência,synonym
gerência,porteiro,synonym
entornar,almoço,synonym
entornar,cortina,synonym
entornar,lavatório,synonym
entornar,torneira,synonym
poltrão,porteiro,synonym
poltrão,casal,synonym
poltrão,espelho,synonym
poltrão,lavatório,synonym
poltrão,roupão,synonym
poltrão,berço,synonym
aquecedor,alojamento,synonym
aquecedor,espelho,synonym
aquecedor,lavatório,synonym
aquecedor,torneira,synonym
aquecedor,roupão,synonym
aquecedor,sauna,synonym
aquecedor,conforto,synonym
maquiagem,lavatório,synonym
maquiagem,roupão,synonym
oásis,berço,synonym
oásis,luxo,synonym
badalação,acomodação,synonym
badalação,sauna,synonym
badalação,conforto,synonym
badalação,luxo,synonym
privilégio,pensão,synonym
privilégio,conforto,synonym
privilégio,luxo,synonym
minúsculo,travesseiro,synonym
minúsculo,colchão,synonym
idear,lavatório,synonym
idear,roupão,synonym
idear,conforto,synonym
idear,luxo,synonym
variação,acomodação,synonym
sambaíba,gerência,synonym
sambaíba,lavanderia,synonym
barco,motel,synonym
barco,motorista,synonym
barco,monumento,synonym
barco,almoço,synonym
desprazer,conforto,synonym
guiar,conforto,synonym
rapidinho,motel,synonym
rapidinho,torneira,synonym
rapidinho,roupão,synonym
rapidinho,lavanderia,synonym
castelo,rua,synonym
castelo,monumento,synonym
seletos,luxo,synonym
design,padrão,synonym
design,conforto,synonym
design,luxo,synonym
pedaço,apartamento,synonym
pedaço,cortina,synonym
pedaço,lavatório,synonym
pedaço,roupão,synonym
pedaço,berço,synonym
casaco,apartamento,synonym
casaco,motel,synonym
casaco,cortina,synonym
casaco,lavatório,synonym
couro,lavatório,synonym
couro,conforto,synonym
couro,luxo,synonym
estabelecimento,alojamento,synonym
estabelecimento,estacionamento,synonym
arte,monumento,synonym
luminosidade,conforto,synonym
direção,gerência,synonym
fundo,pensão,synonym
luxo,apartamento,synonym
luxo,motel,synonym
luxo,lavatório,synonym
luxo,roupão,synonym
luxo,conforto,synonym
luxo,luxo,synonym
melhoria,conforto,synonym
toalete,acomodação,synonym
toalete,apartamento,synonym
toalete,motel,synonym
toalete,porteiro,synonym
toalete,almoço,synonym
toalete,espelho,synonym
toalete,lavatório,synonym
toalete,torneira,synonym
toalete,roupão,synonym
toalete,suíte,synonym
toalete,sauna,synonym
toalete,conforto,synonym
toalete,luxo,synonym
proprietário,apartamento,synonym
proprietário,motorista,synonym
proprietário,gerência,synonym
proprietário,porteiro,synonym
carregador,motorista,synonym
carregador,porteiro,synonym
carregador,lavatório,synonym
carregador,torneira,synonym
junto,rua,synonym
minusculo,espelho,synonym
minusculo,lavatório,synonym
charmoso,porteiro,synonym
charmoso,luxo,synonym
iniciativo,gerência,synonym
iniciativo,porteiro,synonym
pizza,motel,synonym
pizza,almoço,synonym
pizza,lavanderia,synonym
pizza,sauna,synonym
ovo,torneira,synonym
ovo,roupão,synonym
receptividade,acomodação,synonym
receptividade,conforto,synonym
hospitalidade,acomodação,synonym
hospitalidade,almoço,synonym
hospitalidade,alojamento,synonym
hospitalidade,sauna,synonym
hospitalidade,conforto,synonym
hospitalidade,luxo,synonym
paragem,estacionamento,synonym
autocarro,motel,synonym
autocarro,rua,synonym
autocarro,motorista,synonym
autocarro,almoço,synonym
autocarro,alojamento,synonym
autocarro,estacionamento,synonym
guloseima,almoço,synonym
guloseima,torneira,synonym
versaletes,país,synonym
mobília,apartamento,synonym
mobília,alojamento,synonym
mobília,colchão,synonym
mobília,espelho,synonym
mobília,lavatório,synonym
mobília,torneira,synonym
mobília,roupão,synonym
mobília,lavanderia,synonym
mobília,suíte,synonym
mobília,sauna,synonym
mobília,conforto,synonym
mobília,luxo,synonym
paza,acomodação,synonym
paza,motel,synonym
paza,rua,synonym
paza,monumento,synonym
paza,arena,synonym
paza,almoço,synonym
paza,estacionamento,synonym
paza,berço,synonym
paza,conforto,synonym
ventilação,acomodação,synonym
ventilação,alojamento,synonym
ventilação,cortina,synonym
ventilação,lavatório,synonym
ventilação,torneira,synonym
ventilação,sauna,synonym
ventilação,conforto,synonym
nuvem,cortina,synonym
pitoresco,monumento,synonym
pitoresco,lavatório,synonym
pitoresco,conforto,synonym
pitoresco,luxo,synonym
odéon,rua,synonym
odéon,porteiro,synonym
odéon,lavatório,synonym
escuro,motel,synonym
escuro,espelho,synonym
escuro,cortina,synonym
escuro,lavatório,synonym
escuro,roupão,synonym
proteção,acomodação,synonym
proteção,conforto,synonym
cheiro,porteiro,synonym
cheiro,lavatório,synonym
cheiro,torneira,synonym
cheiro,roupão,synonym
torneira,porteiro,synonym
torneira,espelho,synonym
torneira,cortina,synonym
torneira,lavatório,synonym
torneira,torneira,synonym
torneira,roupão,synonym
torneira,sauna,synonym
cordial,almoço,synonym
cordial,conforto,synonym
mochila,apartamento,synonym
mochila,motel,synonym
mochila,motorista,synonym
mochila,lavatório,synonym
mochila,torneira,synonym
nº,rua,synonym
despesa,pensão,synonym
bilhete,pensão,synonym
bilhete,motorista,synonym
bilhete,porteiro,synonym
bilhete,estacionamento,synonym
dono,motorista,synonym
dono,gerência,synonym
dono,porteiro,synonym
dono,luxo,synonym
percepção,acomodação,synonym
disponibilidade,gerência,synonym
disponibilidade,conforto,synonym
cercania,monumento,synonym
escriba,porteiro,synonym
escriba,lavatório,synonym
ícone,monumento,synonym
ícone,berço,synonym
publicidade,gerência,synonym
material,alojamento,synonym
video,service,synonym
pátio,apartamento,synonym
pátio,motel,synonym
pátio,rua,synonym
pátio,monumento,synonym
pátio,porteiro,synonym
pátio,almoço,synonym
pátio,espelho,synonym
pátio,cortina,synonym
pátio,lavatório,synonym
pátio,torneira,synonym
pátio,estacionamento,synonym
pátio,lavanderia,synonym
pátio,berço,synonym
pátio,sauna,synonym
baldeação,acomodação,synonym
baldeação,rua,synonym
baldeação,lavatório,synonym
baldeação,estacionamento,synonym
barulho,porteiro,synonym
barulho,lavatório,synonym
barulho,torneira,synonym
chinelo,apartamento,synonym
chinelo,porteiro,synonym
chinelo,lavatório,synonym
chinelo,roupão,synonym
chinelo,lavanderia,synonym
chinelo,conforto,synonym
chinelo,luxo,synonym
executivo,gerência,synonym
cor,espelho,synonym
cor,roupão,synonym
sauna,acomodação,synonym
sauna,motel,synonym
sauna,porteiro,synonym
sauna,almoço,synonym
sauna,alojamento,synonym
sauna,lavatório,synonym
sauna,torneira,synonym
sauna,roupão,synonym
sauna,estacionamento,synonym
sauna,lavanderia,synonym
sauna,suíte,synonym
sauna,sauna,synonym
sauna,conforto,synonym
jour,service,synonym
atividades,gerência,synonym
funcionamento,estacionamento,synonym
cômodos,acomodação,synonym
cômodos,pensão,synonym
cômodos,apartamento,synonym
cômodos,motel,synonym
cômodos,rua,synonym
cômodos,porteiro,synonym
cômodos,casal,synonym
cômodos,alojamento,synonym
cômodos,lavatório,synonym
cômodos,torneira,synonym
cômodos,roupão,synonym
cômodos,lavanderia,synonym
cômodos,suíte,synonym
cômodos,sauna,synonym
cômodos,conforto,synonym
cômodos,luxo,synonym
cômodo,apartamento,synonym
cômodo,motel,synonym
cômodo,rua,synonym
cômodo,porteiro,synonym
cômodo,casal,synonym
cômodo,espelho,synonym
cômodo,lavatório,synonym
cômodo,torneira,synonym
cômodo,roupão,synonym
cômodo,sauna,synonym
pai,motorista,synonym
pai,berço,synonym
outro,duplo,synonym
climatização,acomodação,synonym
climatização,gerência,synonym
climatização,alojamento,synonym
climatização,lavatório,synonym
climatização,torneira,synonym
climatização,suíte,synonym
climatização,sauna,synonym
climatização,conforto,synonym
baratear,acomodação,synonym
baratear,conforto,synonym
quinar,lavatório,synonym
quinar,torneira,synonym
quinar,roupão,synonym
quinar,sauna,synonym
quinar,conforto,synonym
quinar,luxo,synonym
calefação,colchão,synonym
madame,motel,synonym
madame,porteiro,synonym
pequenino,espelho,synonym
pequenino,lavatório,synonym
pequenino,roupão,synonym
pequenino,berço,synonym
catedral,rua,synonym
catedral,monumento,synonym
poeira,cortina,synonym
poeira,lavatório,synonym
poeira,torneira,synonym
varrer,cortina,synonym
varrer,lavatório,synonym
varrer,torneira,synonym
banca,pensão,synonym
banca,torneira,synonym
libânia,rua,synonym
libânia,família,synonym
mago,porteiro,synonym
perímetro,monumento,synonym
perímetro,estacionamento,synonym
vazamento,torneira,synonym
capital,pensão,synonym
escrivaninha,espelho,synonym
fofo,espelho,synonym
fofo,lavatório,synonym
fofo,roupão,synonym
quente,lavatório,synonym
quente,torneira,synonym
quente,sauna,synonym
chat,service,synonym
papar,almoço,synonym
papar,roupão,synonym
shampoo,espelho,synonym
shampoo,lavatório,synonym
shampoo,roupão,synonym
creme,almoço,synonym
creme,lavatório,synonym
creme,torneira,synonym
creme,roupão,synonym
branco,roupão,synonym
homem,motorista,synonym
homem,porteiro,synonym
homem,casal,synonym
pavilhão,estacionamento,synonym
escadaria,apartamento,synonym
escadaria,rua,synonym
escadaria,monumento,synonym
escadaria,porteiro,synonym
escadaria,cortina,synonym
escadaria,lavatório,synonym
escadaria,torneira,synonym
escadaria,estacionamento,synonym
escadaria,sauna,synonym
usuário,motorista,synonym
divisão,gerência,synonym
cabeça,lavatório,synonym
jornal,almoço,synonym
vila,rua,synonym
preguiçar,almoço,synonym
preguiçar,lavatório,synonym
preguiçar,torneira,synonym
preguiçar,berço,synonym
preguiçar,conforto,synonym
preguiçar,luxo,synonym
gostosinho,apartamento,synonym
gostosinho,motel,synonym
gostosinho,porteiro,synonym
gostosinho,almoço,synonym
gostosinho,espelho,synonym
gostosinho,lavatório,synonym
gostosinho,roupão,synonym
gostosinho,sauna,synonym
escritório,apartamento,synonym
escritório,motel,synonym
escritório,gerência,synonym
escritório,porteiro,synonym
escritório,almoço,synonym
escritório,lavatório,synonym
escritório,suíte,synonym
garoto,apartamento,synonym
garoto,motorista,synonym
garoto,porteiro,synonym
cima,cortina,synonym
cima,lavatório,synonym
discreto,roupão,synonym
perfil,conforto,synonym
presteza,lavatório,synonym
presteza,conforto,synonym
tinir,lavatório,synonym
tinir,torneira,synonym
tinir,roupão,synonym
requisito,duplo,synonym
configuração,acomodação,synonym
configuração,gerência,synonym
configuração,suíte,synonym
grau,conforto,synonym
secador,espelho,synonym
secador,secador,synonym
imediato,duplo,synonym
caução,pensão,synonym
grupar,acomodação,synonym
grupar,gerência,synonym
entretenimento,conforto,synonym
entretenimento,luxo,synonym
irma,motel,synonym
correnteza,rua,synonym
correnteza,praia,synonym
compensação,pensão,synonym
compensação,alojamento,synonym
fatura,pensão,synonym
recibo,pensão,synonym
recibo,porteiro,synonym
objetos,lavatório,synonym
romã,lavatório,synonym
pular,torneira,synonym
canto,lavatório,synonym
canto,berço,synonym
hora,almoço,synonym
dor,conforto,synonym
marketing,gerência,synonym
marketing,service,synonym
remodelação,acomodação,synonym
clientela,pensão,synonym
clientela,gerência,synonym
clientela,conforto,synonym
constrangimento,acomodação,synonym
constrangimento,conforto,synonym
shop,motel,synonym
shop,service,synonym
casarão,motel,synonym
casarão,rua,synonym
casarão,monumento,synonym
casarão,porteiro,synonym
casarão,lavatório,synonym
casarão,berço,synonym
incômodo,roupão,synonym
incômodo,conforto,synonym
acabamento,acomodação,synonym
acabamento,lavatório,synonym
acabamento,conforto,synonym
acabamento,luxo,synonym
onde,país,synonym
onde,rua,synonym
escoar,torneira,synonym
extremidade,torneira,synonym
hous,motel,synonym
hous,rua,synonym
hous,motorista,synonym
hous,porteiro,synonym
hous,almoço,synonym
hous,cortina,synonym
hous,lavatório,synonym
hous,torneira,synonym
hous,berço,synonym
atrativos,conforto,synonym
atrativos,luxo,synonym
bancada,arena,synonym
bancada,almoço,synonym
sopa,almoço,synonym
sopa,lavatório,synonym
sopa,torneira,synonym
sopa,roupão,synonym
sopa,sauna,synonym
topar,porteiro,synonym
recebimento,gerência,synonym
depósito,pensão,synonym
depósito,lavatório,synonym
depósito,torneira,synonym
depósito,estacionamento,synonym
saldar,pensão,synonym
trancar,apartamento,synonym
trancar,motel,synonym
trancar,porteiro,synonym
trancar,lavatório,synonym
trancar,torneira,synonym
fio,espelho,synonym
fio,cortina,synonym
fio,roupão,synonym
balão,cortina,synonym
balão,lavatório,synonym
balão,torneira,synonym
balão,roupão,synonym
mobilidade,acomodação,synonym
mobilidade,alojamento,synonym
mobilidade,estacionamento,synonym
mobilidade,conforto,synonym
crédito,pensão,synonym
cabelo,espelho,synonym
cabelo,roupão,synonym
pizzaria,motel,synonym
pizzaria,rua,synonym
pizzaria,motorista,synonym
pizzaria,porteiro,synonym
pizzaria,almoço,synonym
pizzaria,torneira,synonym
pizzaria,estacionamento,synonym
pizzaria,lavanderia,synonym
pizzaria,sauna,synonym
cansaço,acomodação,synonym
cansaço,conforto,synonym
franquiar,service,synonym
franquiar,lavatório,synonym
franquiar,torneira,synonym
franquiar,estacionamento,synonym
transtornar,conforto,synonym
bônus,duplo,synonym
locador,pensão,synonym
locador,motorista,synonym
locador,estacionamento,synonym
óculo,rua,synonym
óculo,porteiro,synonym
óculo,cortina,synonym
óculo,lavatório,synonym
óculo,berço,synonym
cobertura,acomodação,synonym
cobertura,estacionamento,synonym
trabalho,alojamento,synonym
congresso,almoço,synonym
farto,lavatório,synonym
farto,roupão,synonym
farto,luxo,synonym
fotografia,roupão,synonym
soer,service,synonym
talar,lavatório,synonym
talar,luxo,synonym
artista,monumento,synonym
ofá,lavatório,synonym
ofá,berço,synonym
bombeiro,motorista,synonym
bombeiro,porteiro,synonym
bombeiro,lavatório,synonym
excursão,almoço,synonym
filmar,motel,synonym
vistoriar,porteiro,synonym
vistoriar,alojamento,synonym
vistoriar,estacionamento,synonym
h&m,lavanderia,synonym
h&m,luxo,synonym
frescura,lavatório,synonym
frescura,conforto,synonym
frescura,luxo,synonym
despeitar,acomodação,synonym
despeitar,motorista,synonym
despeitar,almoço,synonym
despeitar,lavatório,synonym
despeitar,berço,synonym
despeitar,conforto,synonym
despeitar,luxo,synonym
brincar,almoço,synonym
brincar,sauna,synonym
cena,motel,synonym
cena,rua,synonym
utilização,estacionamento,synonym
centro,país,synonym
centro,rua,synonym
centro,monumento,synonym
centro,estacionamento,synonym
centro,berço,synonym
aspirador,porteiro,synonym
aspirador,espelho,synonym
aspirador,lavatório,synonym
aspirador,torneira,synonym
aspirador,roupão,synonym
aspirador,sauna,synonym
pó,lavatório,synonym
pó,torneira,synonym
pó,roupão,synonym
flamingo,motel,synonym
câmeras,motel,synonym
câmeras,motorista,synonym
picar,porteiro,synonym
picar,torneira,synonym
trânsito,motorista,synonym
trânsito,estacionamento,synonym
furtar,motel,synonym
furtar,motorista,synonym
furtar,porteiro,synonym
furtar,luxo,synonym
insonorização,acomodação,synonym
insonorização,alojamento,synonym
insonorização,lavatório,synonym
insonorização,torneira,synonym
insonorização,estacionamento,synonym
insonorização,conforto,synonym
rone,motorista,synonym
metropolitano,gerência,synonym
metropolitano,estacionamento,synonym
rua,apartamento,synonym
rua,motel,synonym
rua,rua,synonym
rua,porteiro,synonym
rua,estacionamento,synonym
elysees,motel,synonym
elysees,rua,synonym
elysees,monumento,synonym
elysees,arena,synonym
elysees,porteiro,synonym
elysees,almoço,synonym
elysees,service,synonym
elysees,sauna,synonym
elysees,luxo,synonym
panar,almoço,synonym
multar,motorista,synonym
romantismo,berço,synonym
cemitério,apartamento,synonym
cemitério,motel,synonym
cemitério,rua,synonym
cemitério,monumento,synonym
cemitério,lavatório,synonym
cemitério,estacionamento,synonym
cemitério,berço,synonym
passageiro,motel,synonym
passageiro,motorista,synonym
passageiro,porteiro,synonym
passageiro,casal,synonym
passageiro,lavatório,synonym
passageiro,estacionamento,synonym
passageiro,conforto,synonym
élysées,rua,synonym
élysées,monumento,synonym
triplo,duplo,synonym
compacto,duplo,synonym
hardware,gerência,synonym
claridade,espelho,synonym
claridade,cortina,synonym
claridade,lavatório,synonym
claridade,torneira,synonym
claridade,roupão,synonym
claridade,conforto,synonym
esposo,motorista,synonym
esposo,porteiro,synonym
esposo,casal,synonym
esposo,berço,synonym
antônio,rua,synonym
delegacia,apartamento,synonym
delegacia,motel,synonym
delegacia,motorista,synonym
delegacia,gerência,synonym
albergar,acomodação,synonym
albergar,alojamento,synonym
albergar,estacionamento,synonym
raiar,motel,synonym
raiar,berço,synonym
mangar,porteiro,synonym
mangar,almoço,synonym
mangar,lavatório,synonym
mangar,torneira,synonym
mangar,roupão,synonym
mangar,sauna,synonym
horrível,lavatório,synonym
sujar,lavatório,synonym
sujar,torneira,synonym
sujar,roupão,synonym
governanta,pensão,synonym
governanta,apartamento,synonym
governanta,porteiro,synonym
governanta,casal,synonym
governanta,família,synonym
governanta,lavatório,synonym
metre,service,synonym
refrigerador,secador,synonym
periferia,rua,synonym
periferia,estacionamento,synonym
periferia,berço,synonym
punto,luxo,synonym
sevres,lavatório,synonym
sevres,berço,synonym
lounge,acomodação,synonym
lounge,motel,synonym
lounge,rua,synonym
lounge,arena,synonym
lounge,service,synonym
lounge,sauna,synonym
lounge,conforto,synonym
lounge,luxo,synonym
gesto,monumento,synonym
gesto,almoço,synonym
gesto,lavatório,synonym
repleto,luxo,synonym
confeitar,almoço,synonym
confeitar,lavatório,synonym
confeitar,torneira,synonym
confeitar,roupão,synonym
confeitar,lavanderia,synonym
confeitar,sauna,synonym
ojés,berço,synonym
plástico,lavatório,synonym
manuel,rua,synonym
berce,lavatório,synonym
berce,berço,synonym
cobertor,apartamento,synonym
cobertor,motel,synonym
cobertor,almoço,synonym
cobertor,espelho,synonym
cobertor,cortina,synonym
cobertor,lavatório,synonym
cobertor,torneira,synonym
cobertor,roupão,synonym
cobertor,berço,synonym
cobertor,sauna,synonym
cliché,luxo,synonym
novilhote,motel,synonym
novilhote,motorista,synonym
novilhote,porteiro,synonym
novilhote,almoço,synonym
novilhote,lavatório,synonym
novilhote,berço,synonym
novilhote,luxo,synonym
vedação,acomodação,synonym
vedação,rua,synonym
vedação,cortina,synonym
vedação,lavatório,synonym
vedação,torneira,synonym
vedação,sauna,synonym
repostar,alojamento,synonym
repostar,espelho,synonym
repostar,roupão,synonym
repostar,conforto,synonym
cabideiro,motel,synonym
cabideiro,praia,synonym
cabideiro,almoço,synonym
cabideiro,espelho,synonym
cabideiro,cortina,synonym
cabideiro,lavatório,synonym
cabideiro,torneira,synonym
cabideiro,roupão,synonym
cabideiro,lavanderia,synonym
cabina,cortina,synonym
cabina,lavatório,synonym
cabina,lavanderia,synonym
cabina,sauna,synonym
cabina,conforto,synonym
pensão,pensão,synonym
pensão,apartamento,synonym
pensão,alojamento,synonym
pensão,suíte,synonym
trabalhador,pensão,synonym
trabalhador,motorista,synonym
trabalhador,porteiro,synonym
trabalhador,alojamento,synonym
xixi,lavatório,synonym
xixi,torneira,synonym
xixi,roupão,synonym
xixi,sauna,synonym
restauração,acomodação,synonym
restauração,monumento,synonym
espaço,conforto,synonym
refrigeração,lavatório,synonym
refrigeração,torneira,synonym
refrigeração,estacionamento,synonym
refrigeração,sauna,synonym
combinação,acomodação,synonym
conforto,acomodação,synonym
conforto,alojamento,synonym
conforto,lavatório,synonym
conforto,estacionamento,synonym
conforto,sauna,synonym
conforto,conforto,synonym
conforto,luxo,synonym
taxímetro,motorista,synonym
taxímetro,porteiro,synonym
taxímetro,estacionamento,synonym
brincadeira,almoço,synonym
brincadeira,roupão,synonym
brincadeira,sauna,synonym
excelsitude,acomodação,synonym
excelsitude,monumento,synonym
excelsitude,berço,synonym
excelsitude,conforto,synonym
ventilador,apartamento,synonym
ventilador,motorista,synonym
ventilador,espelho,synonym
ventilador,cortina,synonym
ventilador,lavatório,synonym
ventilador,torneira,synonym
ventilador,roupão,synonym
ventilador,sauna,synonym
ventilador,conforto,synonym
cubículo,apartamento,synonym
cubículo,motel,synonym
cubículo,porteiro,synonym
cubículo,espelho,synonym
cubículo,lavatório,synonym
cubículo,torneira,synonym
cubículo,roupão,synonym
cubículo,lavanderia,synonym
cubículo,sauna,synonym
século,berço,synonym
formato,duplo,synonym
piramide,cortina,synonym
corpo,espelho,synonym
corpo,lavatório,synonym
corpo,roupão,synonym
fome,pensão,synonym
fidelidade,conforto,synonym
vizinho,apartamento,synonym
vizinho,rua,synonym
vizinho,porteiro,synonym
vizinho,berço,synonym
motel,apartamento,synonym
motel,motel,synonym
motel,rua,synonym
motel,motorista,synonym
motel,porteiro,synonym
motel,almoço,synonym
motel,lavatório,synonym
motel,estacionamento,synonym
motel,sauna,synonym
motel,luxo,synonym
reembolsar,pensão,synonym
reembolsar,alojamento,synonym
deslocação,acomodação,synonym
deslocação,almoço,synonym
deslocação,alojamento,synonym
lotação,acomodação,synonym
lotação,estacionamento,synonym
lotação,sauna,synonym
lotação,conforto,synonym
sé,rua,synonym
sé,monumento,synonym
janelão,monumento,synonym
janelão,porteiro,synonym
janelão,cortina,synonym
janelão,lavatório,synonym
janelão,estacionamento,synonym
janelão,berço,synonym
automóvel,motorista,synonym
automóvel,estacionamento,synonym
automóvel,conforto,synonym
automóvel,luxo,synonym
sexto,duplo,synonym
r$,pensão,synonym
linguiça,almoço,synonym
linguiça,sauna,synonym
grito,berço,synonym
mofar,espelho,synonym
mofar,cortina,synonym
mofar,lavatório,synonym
mofar,torneira,synonym
mofar,roupão,synonym
atitude,acomodação,synonym
devagar,torneira,synonym
descasar,acomodação,synonym
descasar,almoço,synonym
descasar,torneira,synonym
descasar,sauna,synonym
descasar,conforto,synonym
lavatório,apartamento,synonym
lavatório,motel,synonym
lavatório,porteiro,synonym
lavatório,almoço,synonym
lavatório,espelho,synonym
lavatório,cortina,synonym
lavatório,lavatório,synonym
lavatório,torneira,synonym
lavatório,roupão,synonym
lavatório,berço,synonym
lavatório,suíte,synonym
lavatório,sauna,synonym
lavatório,conforto,synonym
lavatório,luxo,synonym
sanitário,alojamento,synonym
sanitário,lavatório,synonym
pelar,lavatório,synonym
pelar,torneira,synonym
mendigo,pensão,synonym
mendigo,apartamento,synonym
mendigo,motel,synonym
mendigo,rua,synonym
mendigo,motorista,synonym
mendigo,porteiro,synonym
mendigo,lavatório,synonym
mendigo,roupão,synonym
mendigo,luxo,synonym
urinar,lavatório,synonym
urinar,torneira,synonym
urinar,roupão,synonym
urinar,sauna,synonym
gamar,porteiro,synonym
gamar,lavatório,synonym
gamar,torneira,synonym
panteão,monumento,synonym
panteão,berço,synonym
autorização,pensão,synonym
débito,torneira,synonym
sinalização,acomodação,synonym
sinalização,motorista,synonym
sinalização,estacionamento,synonym
passaporte,apartamento,synonym
paisagem,monumento,synonym
paisagem,cortina,synonym
saltar,cortina,synonym
saltar,lavatório,synonym
pracinha,motel,synonym
pracinha,rua,synonym
pracinha,almoço,synonym
pracinha,estacionamento,synonym
elegância,lavatório,synonym
elegância,roupão,synonym
elegância,conforto,synonym
elegância,luxo,synonym
povo,monumento,synonym
curato,monumento,synonym
picola,pensão,synonym
picola,apartamento,synonym
picola,motel,synonym
picola,rua,synonym
picola,motorista,synonym
picola,monumento,synonym
picola,arena,synonym
picola,porteiro,synonym
picola,almoço,synonym
picola,lavatório,synonym
picola,roupão,synonym
picola,estacionamento,synonym
letro,rua,synonym
letro,motorista,synonym
letro,monumento,synonym
letro,gerência,synonym
letro,porteiro,synonym
moderninho,motel,synonym
moderninho,roupão,synonym
moderninho,sauna,synonym
apertado,roupão,synonym
apertado,duplo,synonym
lanchinhos,motel,synonym
lanchinhos,porteiro,synonym
lanchinhos,almoço,synonym
lanchinhos,lavatório,synonym
lanchinhos,torneira,synonym
lanchinhos,roupão,synonym
lanchinhos,sauna,synonym
lanchinhos,conforto,synonym
jazz,berço,synonym
antedimento,acomodação,synonym
antedimento,motorista,synonym
antedimento,gerência,synonym
antedimento,alojamento,synonym
antedimento,service,synonym
antedimento,lavatório,synonym
antedimento,lavanderia,synonym
antedimento,conforto,synonym
bistrô,apartamento,synonym
bistrô,motel,synonym
bistrô,rua,synonym
bistrô,porteiro,synonym
bistrô,almoço,synonym
bistrô,lavatório,synonym
bistrô,sauna,synonym
bistrô,luxo,synonym
lixeiro,secador,synonym
lixeiro,lavanderia,synonym
quitinete,pensão,synonym
quitinete,apartamento,synonym
quitinete,motel,synonym
quitinete,rua,synonym
quitinete,praia,synonym
quitinete,porteiro,synonym
quitinete,lavatório,synonym
quitinete,roupão,synonym
quitinete,lavanderia,synonym
quitinete,suíte,synonym
quitinete,sauna,synonym
quitinete,luxo,synonym
regulagem,motorista,synonym
regulagem,lavatório,synonym
regulagem,torneira,synonym
regulagem,conforto,synonym
repousar,almoço,synonym
repousar,lavatório,synonym
repousar,conforto,synonym
ledra,rua,synonym
ledra,monumento,synonym
ledra,porteiro,synonym
ledra,estacionamento,synonym
elysées,motel,synonym
elysées,rua,synonym
elysées,monumento,synonym
elysées,porteiro,synonym
elysées,almoço,synonym
elysées,service,synonym
elysées,estacionamento,synonym
elysées,luxo,synonym
vistor,motorista,synonym
vistor,porteiro,synonym
aconchegar,almoço,synonym
aconchegar,lavatório,synonym
aconchegar,torneira,synonym
aconchegar,roupão,synonym
aconchegar,sauna,synonym
fruteiro,motel,synonym
fruteiro,rua,synonym
fruteiro,motorista,synonym
fruteiro,monumento,synonym
fruteiro,gerência,synonym
fruteiro,porteiro,synonym
fruteiro,almoço,synonym
fruteiro,lavatório,synonym
fruteiro,torneira,synonym
fruteiro,lavanderia,synonym
fruteiro,conforto,synonym
dejejum,acomodação,synonym
dejejum,almoço,synonym
dejejum,alojamento,synonym
dejejum,lavatório,synonym
dejejum,torneira,synonym
dejejum,roupão,synonym
dejejum,sauna,synonym
dejejum,conforto,synonym
teia,cortina,synonym
encimar,rua,synonym
encimar,monumento,synonym
encimar,cortina,synonym
encimar,lavatório,synonym
encimar,roupão,synonym
encimar,berço,synonym
lustrar,espelho,synonym
lustrar,lavatório,synonym
lustrar,roupão,synonym
lustrar,lavanderia,synonym
lustrar,conforto,synonym
incêndio,porteiro,synonym
assistência,pensão,synonym
assistência,alojamento,synonym
risada,lavatório,synonym
risada,torneira,synonym
leste,rua,synonym
acessibilidade,acomodação,synonym
acessibilidade,alojamento,synonym
acessibilidade,estacionamento,synonym
acessibilidade,conforto,synonym
laptop,apartamento,synonym
laptop,motel,synonym
laptop,lavatório,synonym
laptop,suíte,synonym
acontecimento,monumento,synonym
agente,motorista,synonym
agente,porteiro,synonym
higienização,acomodação,synonym
higienização,gerência,synonym
higienização,lavatório,synonym
higienização,torneira,synonym
higienização,lavanderia,synonym
absoluto,duplo,synonym
fogo,cortina,synonym
departamento,gerência,synonym
imprevisto,almoço,synonym
nojento,roupão,synonym
sítio,apartamento,synonym
sítio,motel,synonym
sítio,monumento,synonym
triste,berço,synonym
funcional,acomodação,synonym
funcional,conforto,synonym
comportamento,acomodação,synonym
comportamento,conforto,synonym
00horas,almoço,synonym
maleiro,apartamento,synonym
maleiro,motel,synonym
maleiro,rua,synonym
maleiro,motorista,synonym
maleiro,praia,synonym
maleiro,gerência,synonym
maleiro,porteiro,synonym
maleiro,almoço,synonym
maleiro,casal,synonym
maleiro,espelho,synonym
maleiro,cortina,synonym
maleiro,lavatório,synonym
maleiro,torneira,synonym
maleiro,roupão,synonym
maleiro,suíte,synonym
terminal,monumento,synonym
terminal,parque,synonym
toura,monumento,synonym
tampar,espelho,synonym
tampar,lavatório,synonym
tampar,torneira,synonym
tampar,roupão,synonym
gestão,gerência,synonym
gestão,alojamento,synonym
recinto,apartamento,synonym
recinto,rua,synonym
recinto,monumento,synonym
recinto,arena,synonym
recinto,alojamento,synonym
recinto,lavatório,synonym
recinto,estacionamento,synonym
recinto,sauna,synonym
localidade,rua,synonym
localidade,monumento,synonym
sangue,lavatório,synonym
sangue,torneira,synonym
adaptação,acomodação,synonym
traslado,acomodação,synonym
traslado,motorista,synonym
traslado,alojamento,synonym
prestável,porteiro,synonym
ladrão,motel,synonym
ladrão,motorista,synonym
ladrão,porteiro,synonym
piso,acomodação,synonym
piso,apartamento,synonym
piso,monumento,synonym
piso,porteiro,synonym
piso,lavatório,synonym
piso,estacionamento,synonym
piso,sauna,synonym
piso,conforto,synonym
desjejum,almoço,synonym
desjejum,alojamento,synonym
desjejum,lavatório,synonym
desjejum,roupão,synonym
desjejum,sauna,synonym
perna,motorista,synonym
perna,lavatório,synonym
maratona,arena,synonym
gay,motel,synonym
honestidade,conforto,synonym
beliche,apartamento,synonym
beliche,motel,synonym
beliche,almoço,synonym
beliche,casal,synonym
beliche,espelho,synonym
beliche,lavatório,synonym
beliche,torneira,synonym
beliche,roupão,synonym
beliche,suíte,synonym
beliche,sauna,synonym
caminhão,apartamento,synonym
caminhão,motel,synonym
caminhão,rua,synonym
caminhão,motorista,synonym
caminhão,porteiro,synonym
caminhão,lavatório,synonym
biblioteca,rua,synonym
biblioteca,monumento,synonym
fartura,conforto,synonym
fartura,luxo,synonym
plantão,motel,synonym
plantão,motorista,synonym
plantão,porteiro,synonym
prestação,pensão,synonym
prestação,gerência,synonym
prestação,alojamento,synonym
amabilidade,almoço,synonym
amabilidade,conforto,synonym
revir,gerência,synonym
gordo,porteiro,synonym
gordo,almoço,synonym
gordo,roupão,synonym
discussão,almoço,synonym
requerer,pensão,synonym
liberdade,conforto,synonym
incender,lavatório,synonym
incender,torneira,synonym
incender,roupão,synonym
avariar,motorista,synonym
avariar,cortina,synonym
avariar,lavatório,synonym
avariar,torneira,synonym
avariar,estacionamento,synonym
drogaria,apartamento,synonym
drogaria,motel,synonym
drogaria,rua,synonym
drogaria,porteiro,synonym
drogaria,torneira,synonym
drogaria,lavanderia,synonym
drogaria,sauna,synonym
infinidade,luxo,synonym
preto,lavatório,synonym
desleixar,conforto,synonym
confiança,conforto,synonym
ideal,acomodação,synonym
ideal,conforto,synonym
operador,motorista,synonym
operador,gerência,synonym
operador,porteiro,synonym
traseiro,motorista,synonym
traseiro,cortina,synonym
traseiro,lavatório,synonym
traseiro,estacionamento,synonym
traseiro,duplo,synonym
traseiro,conforto,synonym
atrativo,conforto,synonym
braço,lavatório,synonym
braço,berço,synonym
abraçar,berço,synonym
mensageiro,motorista,synonym
mensageiro,porteiro,synonym
infiltração,acomodação,synonym
mercearia,pensão,synonym
mercearia,motel,synonym
mercearia,rua,synonym
mercearia,motorista,synonym
mercearia,porteiro,synonym
mercearia,almoço,synonym
mercearia,lavatório,synonym
mercearia,torneira,synonym
mercearia,sauna,synonym
mercearia,luxo,synonym
positivar,acomodação,synonym
positivar,pensão,synonym
positivar,estacionamento,synonym
positivar,conforto,synonym
fechadura,apartamento,synonym
fechadura,rua,synonym
fechadura,porteiro,synonym
fechadura,cortina,synonym
fechadura,lavatório,synonym
fechadura,torneira,synonym
fechadura,roupão,synonym
spray,roupão,synonym
cortina,espelho,synonym
cortina,cortina,synonym
cortina,lavatório,synonym
cortina,torneira,synonym
cortina,roupão,synonym
bulir,lavatório,synonym
bulir,torneira,synonym
bulir,roupão,synonym
sótão,apartamento,synonym
sótão,motel,synonym
sótão,rua,synonym
sótão,porteiro,synonym
sótão,cortina,synonym
sótão,lavatório,synonym
sótão,torneira,synonym
sótão,estacionamento,synonym
sótão,berço,synonym
sótão,sauna,synonym
telefonema,apartamento,synonym
telefonema,motel,synonym
telefonema,porteiro,synonym
telefonema,almoço,synonym
moderne,service,synonym
leito,apartamento,synonym
leito,lavatório,synonym
leito,roupão,synonym
leito,berço,synonym
sabão,lavatório,synonym
sabão,torneira,synonym
sabão,roupão,synonym
sabão,secador,synonym
sabão,lavanderia,synonym
congestionamento,motorista,synonym
congestionamento,estacionamento,synonym
laranjo,gerência,synonym
laranjo,porteiro,synonym
amanhar,almoço,synonym
amanhar,lavatório,synonym
amanhar,torneira,synonym
sonorização,gerência,synonym
sonorização,estacionamento,synonym
treinamento,acomodação,synonym
treinamento,alojamento,synonym
abastança,conforto,synonym
abastança,luxo,synonym
buchicho,motel,synonym
buchicho,rua,synonym
buchicho,porteiro,synonym
buchicho,almoço,synonym
buchicho,lavatório,synonym
buchicho,berço,synonym
buchicho,conforto,synonym
buchicho,luxo,synonym
smartfone,apartamento,synonym
smartfone,motel,synonym
smartfone,motorista,synonym
smartfone,porteiro,synonym
smartfone,service,synonym
smartfone,lavatório,synonym
smartfone,torneira,synonym
smartfone,roupão,synonym
smartfone,estacionamento,synonym
smartfone,conforto,synonym
ascensor,rua,synonym
ascensor,monumento,synonym
ascensor,porteiro,synonym
ascensor,lavatório,synonym
ascensor,estacionamento,synonym
campainha,motorista,synonym
campainha,porteiro,synonym
campainha,almoço,synonym
campainha,lavatório,synonym
campainha,torneira,synonym
aposento,apartamento,synonym
aposento,motel,synonym
aposento,rua,synonym
aposento,porteiro,synonym
aposento,almoço,synonym
aposento,casal,synonym
aposento,espelho,synonym
aposento,cortina,synonym
aposento,lavatório,synonym
aposento,torneira,synonym
aposento,roupão,synonym
aposento,conforto,synonym
fritura,almoço,synonym
fritura,torneira,synonym
fritura,sauna,synonym
saco,apartamento,synonym
saco,motel,synonym
saco,praia,synonym
saco,almoço,synonym
saco,espelho,synonym
saco,lavatório,synonym
saco,torneira,synonym
saco,roupão,synonym
saco,berço,synonym
indiferença,acomodação,synonym
indiferença,conforto,synonym
sacrifício,conforto,synonym
luminária,porteiro,synonym
luminária,espelho,synonym
luminária,cortina,synonym
luminária,lavatório,synonym
luminária,torneira,synonym
luminária,roupão,synonym
luminária,suíte,synonym
luminária,sauna,synonym
forrar,lavatório,synonym
forrar,torneira,synonym
forrar,roupão,synonym
aviar,porteiro,synonym
aviar,almoço,synonym
aviar,lavatório,synonym
aviar,torneira,synonym
maçar,torneira,synonym
teleatendimento,lavanderia,synonym
miami,motel,synonym
burro,porteiro,synonym
burro,espelho,synonym
obrigação,pensão,synonym
fresta,rua,synonym
fresta,praia,synonym
fresta,porteiro,synonym
fresta,espelho,synonym
fresta,cortina,synonym
fresta,lavatório,synonym
fresta,torneira,synonym
fresta,roupão,synonym
loiro,porteiro,synonym
loiro,espelho,synonym
loiro,roupão,synonym
historiar,monumento,synonym
arredamento,acomodação,synonym
arredamento,pensão,synonym
arredamento,motel,synonym
arredamento,rua,synonym
arredamento,gerência,synonym
arredamento,porteiro,synonym
arredamento,almoço,synonym
arredamento,alojamento,synonym
arredamento,lavatório,synonym
arredamento,conforto,synonym
arredamento,luxo,synonym
palco,apartamento,synonym
palco,motel,synonym
palco,rua,synonym
palco,arena,synonym
palco,cortina,synonym
palco,lavatório,synonym
palco,estacionamento,synonym
palco,berço,synonym
critério,país,synonym
gaveta,porteiro,synonym
gaveta,cortina,synonym
gaveta,lavatório,synonym
gaveta,torneira,synonym
gaveta,roupão,synonym
gaveta,lavanderia,synonym
ananim,service,synonym
instante,almoço,synonym
instante,lavatório,synonym
pasmar,porteiro,synonym
pasmar,lavatório,synonym
pasmar,luxo,synonym
buzinar,rua,synonym
buzinar,motorista,synonym
buzinar,porteiro,synonym
buzinar,torneira,synonym
cômoda,espelho,synonym
cômoda,roupão,synonym
cômoda,lavanderia,synonym
degustação,acomodação,synonym
degustação,almoço,synonym
degustação,sauna,synonym
reparo,lavatório,synonym
êh,berço,synonym
porteiro,apartamento,synonym
porteiro,motel,synonym
porteiro,rua,synonym
porteiro,motorista,synonym
porteiro,gerência,synonym
porteiro,porteiro,synonym
porteiro,lavatório,synonym
porteiro,torneira,synonym
porteiro,sauna,synonym
celerífero,monumento,synonym
cofiar,motorista,synonym
cofiar,porteiro,synonym
cofiar,almoço,synonym
cofiar,espelho,synonym
cofiar,cortina,synonym
cofiar,lavatório,synonym
cofiar,torneira,synonym
cofiar,roupão,synonym
cofiar,berço,synonym
manager,gerência,synonym
manager,porteiro,synonym
manager,service,synonym
rocaille,monumento,synonym
rocaille,igreja,synonym
coquetel,apartamento,synonym
coquetel,motel,synonym
coquetel,almoço,synonym
coquetel,sauna,synonym
banquete,almoço,synonym
banquete,lavatório,synonym
banquete,roupão,synonym
banquete,sauna,synonym
pluma,roupão,synonym
columbos,acomodação,synonym
columbos,arena,synonym
columbos,service,synonym
sate,motel,synonym
sate,arena,synonym
sate,service,synonym
traineira,rua,synonym
traineira,porteiro,synonym
traineira,lavatório,synonym
traineira,torneira,synonym
bigu,porteiro,synonym
murra,monumento,synonym
murra,lavatório,synonym
murra,berço,synonym
royalty,pensão,synonym
royalty,service,synonym
guesto,rua,synonym
guesto,porteiro,synonym
guesto,berço,synonym
quiosque,apartamento,synonym
quiosque,motel,synonym
quiosque,rua,synonym
quiosque,monumento,synonym
quiosque,porteiro,synonym
quiosque,almoço,synonym
quiosque,lavatório,synonym
quiosque,roupão,synonym
quiosque,estacionamento,synonym
quiosque,sauna,synonym
quiosque,conforto,synonym
nação,família,synonym
nação,berço,synonym
adicional,duplo,synonym
rofo,lavatório,synonym
rofo,torneira,synonym
sogar,service,synonym
tique,lavatório,synonym
paramentar,porteiro,synonym
paramentar,almoço,synonym
paramentar,lavatório,synonym
paramentar,roupão,synonym
j&r,apartamento,synonym
j&r,motel,synonym
j&r,rua,synonym
j&r,gerência,synonym
j&r,porteiro,synonym
j&r,service,synonym
j&r,estacionamento,synonym
j&r,luxo,synonym
