wikiPageLink,concept
Polimento,aparência
Centro_de_distribuição,atendimento
Horário_comercial,atendimento
Qualidade_no_atendimento,atendimento
DHL,atendimento
Microlins,atendimento
Viva_Rio,atendimento
Zendesk,atendimento
Hotel,albergue
Pousada_(hotelaria),albergue
Albergues_sul-africanos,albergue
Hoteleiro,albergue
Albergues,albergue
Hostel,albergue
Pousada_de_juventude,albergue
Toque_de_recolher,albergue
Hotelaria,albergue
Assistencialismo,albergue
Bairro_proletário,albergue
Lista_de_estalagens,albergue
Meios_de_hospedagem,albergue
Homofobia,motel
Hotel,motel
Hoteleiro,motel
Atração_turística,motel
Cama,motel
Numerologia,motel
Hotelaria,motel
Meios_de_hospedagem,motel
Drive-in,motel
Lençóis,motel
Frigobar,motel
Motéis,motel
Albergue,pensão
Isolamento_social,pensão
Casa_de_Pensão,pensão
Roupões,roupão
Escova_de_dentes,toalha
Ferramenta,toalha
Forno_de_micro-ondas,toalha
Toalheiro,toalha